<!DOCTYPE suite SYSTEM "http://testng.org/testng-1.0.dtd" >
<suite name="book-flight-module">
    <test name="book_flight_2_passengers">
        <parameter name="noOfPassengers" value="2" />
        <parameter name="expectedPrice" value="$1169 USD" />
        <classes>
            <class name="com.newtours.tests.BookFlightTest" />
        </classes>
    </test>
    <test name="book_flight_3_passengers">
        <parameter name="noOfPassengers" value="3" />
        <parameter name="expectedPrice" value="$1753 USD" />
        <classes>
            <class name="com.newtours.tests.BookFlightTest" />
        </classes>
    </test>
</suite>