<Configuration status="DEBUG">
    <Appenders>
        <Console name="LogToConsole" target="SYSTEM_OUT">
            <PatternLayout pattern="%d{HH:mm:ss.SSS} [%t] %-5level %logger{36} - %msg%n"/>
        </Console>
        <RollingFile name="LogToRollingFile" fileName="logs/AppLogs.log"
                     filePattern="logs/$${date:yyyy-MM}/app-%d{MM-dd-yyyy}-%i.log.gz">
            <PatternLayout>
                <Pattern>%d %p %c{1.} [%t] %m%n</Pattern>
            </PatternLayout>
            <Policies>
                <TimeBasedTriggeringPolicy />
                <SizeBasedTriggeringPolicy size="10 MB"/>
            </Policies>
        </RollingFile>
    </Appenders>

    <Loggers>

        <Logger name="com.licenta" level="debug" additivity="false">
            <AppenderRef ref="LogToRollingFile"/>
        </Logger>
        <Root level="trace">
            <AppenderRef ref="LogToConsole"/>
            <AppenderRef ref="FileAppender"/>
            <AppenderRef ref="LogToRollingFile"/>
        </Root>
    </Loggers>
</Configuration>
